precision,batch_size,mean_latency,p95_latency,throughput,max_gpu_memory_allocated_gb,max_gpu_memory_reserved_gb
fp16,1,1.1793176144799782,1.4456939935499349,27.350963623199483,6.0047383308410645,6.017578125
fp16,8,1.3215173245466394,1.5180792830499508,184.96477361902328,6.075844764709473,6.162109375
fp16,32,2.2097299246000146,2.2287829860001693,434.4512922342661,6.296274662017822,6.419921875
int4,1,2.0525453909799882,2.49017090580005,15.712815449011645,2.3249878883361816,10.634765625
int4,8,5.492451354599943,5.606449955199946,44.302221060590085,2.398324489593506,10.681640625
int4,32,6.943087802000082,6.953234739999971,138.2671434612531,2.610523223876953,10.681640625
int8,1,4.199883278806637,4.647158751099937,7.649512004409509,3.3835997581481934,11.55859375
int8,8,5.500622396479909,5.985189879249875,44.28650351223281,3.4787631034851074,11.60546875
int8,32,6.397393617400121,6.67354167800022,150.21639259366515,3.758921623229981,11.60546875
